{
  "timestamp": "2025-11-07T11:41:53.216837",
  "configuration": {
    "binary_type": "random_forest",
    "safety_type": "threshold",
    "similarity_type": "kde",
    "test_split": 0.2,
    "random_state": 42
  },
  "dataset_info": {
    "total_samples": 160777,
    "train_samples": 128621,
    "test_samples": 32156,
    "n_features": 6,
    "features": [
      "long_east_deg",
      "lat_north_deg",
      "altitude_m",
      "radius_m",
      "slope_deg",
      "roughness_rms_m"
    ]
  },
  "binary_classifier_metrics": {
    "accuracy": 1.0,
    "roc_auc": 0.9999999999999999,
    "pr_auc": 1.0
  },
  "safety_filter_metrics": {
    "safe_accuracy": 0.9166751865862386,
    "unsafe_accuracy": 0.23650667197769368,
    "overall_accuracy": 0.5721132018362508
  },
  "similarity_model_metrics": {
    "separation": 1.398789447879057,
    "mean_positive": -1.8394350661712728,
    "mean_negative": -18.326505601106835
  },
  "ensemble_metrics": {
    "accuracy": 0.9957084214454535,
    "precision": 0.9994820263130633,
    "recall": 0.9864022083631531,
    "f1": 0.9928990429144797,
    "confusion_matrix": {
      "tp": 9648,
      "fp": 5,
      "tn": 22370,
      "fn": 133
    }
  },
  "feature_importance": {
    "altitude_m": 0.41237977539907006,
    "lat_north_deg": 0.2286771378053576,
    "long_east_deg": 0.17127265882459403,
    "radius_m": 0.15826621128089258,
    "roughness_rms_m": 0.016238602843146956,
    "slope_deg": 0.01316561384693886
  }
}